state,angle,xsec,xsec_err
10753 keV 7/2-,10.0,1.4820167632944066,0.14868057316160221
10753 keV 7/2-,12.0,1.6566572312529702,0.16598757402395425
10753 keV 7/2-,15.0,1.463718645141754,0.14673305413888266
10753 keV 7/2-,17.0,1.0565640415126878,0.10588199642653884
10753 keV 7/2-,20.0,0.740703954863351,0.07421930906796276
10753 keV 7/2-,25.0,0.45560135239663146,0.045938854763272946
10753 keV 7/2-,35.0,0.3443227907953645,0.03523108032156306
10753 keV 7/2-,40.0,0.32973506636526406,0.0335107368056489
10812 keV 5/2-,10.0,0.14819382276363727,0.01772903973605752
10812 keV 5/2-,12.0,0.16963111620649624,0.018962128849148902
10812 keV 5/2-,15.0,0.1355127680288034,0.015928036006125797
10812 keV 5/2-,17.0,0.1002364828572299,0.011492880319499283
10812 keV 5/2-,20.0,0.07013869688069845,0.007957096863638907
10812 keV 5/2-,25.0,0.059947425357848874,0.007783125342178649
10812 keV 5/2-,35.0,0.04360111724757374,0.007122657991472466
1634 keV 2+,10.0,0.027778694263377906,0.003922502375732843
1634 keV 2+,12.0,0.03514505563437114,0.00476428819048218
1634 keV 2+,15.0,0.0279723601653724,0.004166980066691855
1634 keV 2+,17.0,0.016107449069958327,0.0027068986075813235
4248keV 4+,10.0,0.03064024273764631,0.005498030435400631
4248keV 4+,12.0,0.025238120681567916,0.004264475930973967
4248keV 4+,15.0,0.014579103474898712,0.0034575328026336307
4248keV 4+,17.0,0.012613572844878402,0.0030762135636107414
4248keV 4+,20.0,0.01735040035455529,0.005218512173105
4248keV 4+,25.0,0.02833682500354159,0.006141541704704684
4248keV 4+,35.0,0.005337823725665777,0.0015825563532648125
4967 keV 2-,10.0,0.3580528989476552,0.036147865472337004
4967 keV 2-,12.0,0.4146600352149367,0.04170965873662666
4967 keV 2-,15.0,0.28229120338030195,0.028452128506378252
4967 keV 2-,17.0,0.200837060303087,0.020221798075066955
4967 keV 2-,20.0,0.11941421413548207,0.012544598477300797
4967 keV 2-,25.0,0.06448557859200395,0.0068492426545786
6860 keV 5/2+,10.0,0.11704402361515491,0.012042851616113856
6860 keV 5/2+,12.0,0.11227146606545918,0.011690169809548883
6860 keV 5/2+,15.0,0.08098594541333189,0.008677142641456234
6860 keV 5/2+,17.0,0.05367057218726493,0.005796059041780348
6860 keV 5/2+,20.0,0.046781038566455185,0.005118046540841203
6860 keV 5/2+,25.0,0.052485533155879734,0.00576740605938221
6860 keV 5/2+,35.0,0.03867665857687848,0.004142732029279892
6860 keV 5/2+,40.0,0.03130452551873443,0.004511815848461782
7492+7547 keV 5/2-,10.0,0.12339848484330207,0.012702752555651049
7492+7547 keV 5/2-,12.0,0.14654616636786802,0.015049986520988292
7492+7547 keV 5/2-,15.0,0.1566293434621261,0.016005739869975635
7492+7547 keV 5/2-,17.0,0.14352443915885096,0.01455437513969985
7492+7547 keV 5/2-,20.0,0.15313837202329325,0.015516092105653537
7492+7547 keV 5/2-,25.0,0.14982502884450366,0.015361399705631058
7492+7547 keV 5/2-,35.0,0.07692542894101108,0.009970140728732728
7492+7547 keV 5/2-,40.0,0.10576164289591748,0.011088546157765236
7688 keV 3/2+,10.0,0.060203560425208344,0.006702804758869723
7688 keV 3/2+,12.0,0.07092162291379545,0.007847850866369731
7688 keV 3/2+,15.0,0.06444205943303265,0.007190622046972616
7688 keV 3/2+,17.0,0.04679240700903402,0.005220199801658654
7688 keV 3/2+,20.0,0.035680104170769326,0.004234221733154798
7688 keV 3/2+,25.0,0.01941871442444457,0.003763370970004539
7688 keV 3/2+,35.0,0.0341517742424673,0.0071400522156430625
8866 keV 1/2-,10.0,0.10096916035242286,0.011100915858579913
8866 keV 1/2-,12.0,0.1293664427637226,0.013402768901250046
8866 keV 1/2-,15.0,0.11778644045746033,0.012206355750394414
8866 keV 1/2-,17.0,0.12482682489629948,0.012813020029497923
8866 keV 1/2-,20.0,0.11536838865004281,0.012578739244640763
8866 keV 1/2-,25.0,0.12655949307920286,0.01381362490910814
8866 keV 1/2-,35.0,0.06463270586667631,0.0066490835562233175
9499 keV 9/2+,10.0,0.073724868948322,0.00788114183543967
9499 keV 9/2+,12.0,0.10372049889453376,0.010866625647489194
9499 keV 9/2+,15.0,0.11275961395908617,0.011698491881421545
9499 keV 9/2+,17.0,0.10361771996491478,0.010599022040672902
9499 keV 9/2+,20.0,0.10124079668666618,0.01085275511659755
9499 keV 9/2+,25.0,0.1707045106654175,0.017256632937344297
9499 keV 9/2+,35.0,0.04861210199623196,0.005511611057442544
9499 keV 9/2+,40.0,0.08606793530773386,0.009632465793954258
9894 keV 3/2-,10.0,0.31325230002394894,0.0316919032832509
9894 keV 3/2-,12.0,0.28736255640052,0.029033317419857943
9894 keV 3/2-,15.0,0.15164775690998084,0.015516076654009213
9894 keV 3/2-,17.0,0.13440436615533516,0.013624107583163918
9894 keV 3/2-,20.0,0.15483767413199806,0.015648962504433168
9894 keV 3/2-,25.0,0.1581731469282354,0.01601370250486608
9894 keV 3/2-,35.0,0.03218892486251628,0.0035409810784217564
9894 keV 3/2-,40.0,0.01737513443423396,0.004432433858403026
