angle,state,xsec,xsec_err
10.0,6860 keV 5/2+,4.041428183493438,0.4668139113274318
15.0,6860 keV 5/2+,4.226943628782272,0.5026565387576468
20.0,6860 keV 5/2+,2.7270967298419837,0.32065413685064553
32.0,6860 keV 5/2+,0.8986119963160935,0.09130807879421601
35.0,6860 keV 5/2+,0.7116697401052369,0.08077921039856333
40.0,6860 keV 5/2+,0.6589489731704317,0.07136206092705065
45.0,6860 keV 5/2+,0.6548447213036336,0.06848673308579459
50.0,6860 keV 5/2+,0.47639083786977027,0.04804307088125236
10.0,7492 keV 7/2+,1.2582132498686853,0.25840076252951155
15.0,7492 keV 7/2+,1.4692313633777996,0.2971584970492406
20.0,7492 keV 7/2+,1.0728689099004645,0.19258554386944926
32.0,7492 keV 7/2+,0.8945288915447697,0.1067885379552902
35.0,7492 keV 7/2+,0.7130790583547724,0.07971287531601357
40.0,7492 keV 7/2+,0.7472826929931579,0.07958119759217071
45.0,7492 keV 7/2+,0.5254049571879341,0.06074876929333755
10.0,7547 keV 5/2-,3.8159488274310864,0.44952879232286347
15.0,7547 keV 5/2-,4.261481249156462,0.5057183993174665
20.0,7547 keV 5/2-,2.8734374259510846,0.33504306178230486
32.0,7547 keV 5/2-,1.4669010101033437,0.15921044950766888
35.0,7547 keV 5/2-,0.9992881349496663,0.10662182931922434
40.0,7547 keV 5/2-,0.8788002678485696,0.09225194402226859
45.0,7547 keV 5/2-,0.6215609237641841,0.0696679321053469
10.0,7688 keV 3/2+,4.361196807206626,0.4950872668974166
15.0,7688 keV 3/2+,4.038340240978408,0.48443936775449953
20.0,7688 keV 3/2+,1.9483997536164654,0.25324161356035024
32.0,7688 keV 3/2+,0.585281833119377,0.08233703038548802
35.0,7688 keV 3/2+,0.40913195478869435,0.053972300247577175
40.0,7688 keV 3/2+,0.4756812427101712,0.0534795893313967
45.0,7688 keV 3/2+,0.26477223406526645,0.039765747016706376
10.0,9499 keV 9/2+,0.4798851124749687,0.0775021135252101
15.0,9499 keV 9/2+,1.2159483976792131,0.12595713077231618
20.0,9499 keV 9/2+,1.498677439935777,0.15648499599251575
32.0,9499 keV 9/2+,1.2544027179035835,0.13227844917599385
35.0,9499 keV 9/2+,1.3028756030041337,0.1334445819293797
40.0,9499 keV 9/2+,0.8295128512433565,0.08589041954457007
45.0,9499 keV 9/2+,0.7642446967245613,0.07761433728053166
50.0,9499 keV 9/2+,0.6689927623893441,0.06905461295811872
